model_name,original_cv_auroc,id_isolated_cv_auroc,delta_cv_auroc,original_cv_auprc,id_isolated_cv_auprc,delta_cv_auprc,original_cv_f1,id_isolated_cv_f1,delta_cv_f1,original_wave3_auroc,id_isolated_wave3_auroc,delta_wave3_auroc,original_wave3_auprc,id_isolated_wave3_auprc,delta_wave3_auprc,original_wave3_f1,id_isolated_wave3_f1,delta_wave3_f1,original_wave3_accuracy,id_isolated_wave3_accuracy,delta_wave3_accuracy,original_wave3_sensitivity,id_isolated_wave3_sensitivity,delta_wave3_sensitivity,original_wave3_specificity,id_isolated_wave3_specificity,delta_wave3_specificity,id_isolated_validation_n,id_isolated_positive_n,id_isolated_negative_n
logistic_A_only,0.681247853856578,0.681247853856578,0.0,0.6436486193290432,0.6436486193290432,0.0,0.5852973414144138,0.5852973414144138,0.0,0.705233112552115,0.6798048078797719,-0.025428304672343,0.6062896858979439,0.475925945313261,-0.1303637405846828,0.5802425106990015,0.3793427230046948,-0.2008997876943066,0.6557976312326363,0.7305340399510803,0.074736408718444,0.6075429424943988,0.2910662824207493,-0.3164766600736495,0.6868541216053833,0.9039226833428085,0.2170685617374251,2453,694,1759
xgboost_A_plus_B,0.6753650758358054,0.6753650758358054,0.0,0.6313726499024946,0.6313726499024946,0.0,0.5742570144719814,0.5742570144719814,0.0,0.7035263253321886,0.6655643097851913,-0.0379620155469972,0.6051275251975092,0.460408933347586,-0.1447185918499232,0.5842076200993926,0.3937007874015748,-0.1905068326978178,0.6651348947524459,0.7148148148148148,0.0496799200623688,0.6057251908396947,0.3294289897510981,-0.2762962010885966,0.7028599127484246,0.8654836863194046,0.16262377357098,2430,683,1747
